,Al,Si,S,K,Ca,Ti,Mn,Fe,Cu,Zn,Hg,Pb,Sr
1f.2,0.04320753048736231,0.11994445126266924,0.5209862760131773,0.19499243177046424,0.15407252567721466,0.2601438689422822,0.04925661554757604,0.9432070466133436,2.5168801650802197,0.17033905052480536,0.09566101369847346,0.08244861367894256,0.08455379557378441
1af.2,0.05712268533450445,0.43809213255771934,0.9565519969852935,0.647106897997349,0.9017574827154494,0.41237821643076944,0.3080371971157719,5.221617022505233,2.1495123501340134,0.20585890206339888,0.09280603161294249,0.10796755821945786,0.08701539354168557
2f.1,0.0409131798335575,0.1410508292095034,0.5068298335907472,0.23420295559428028,0.2646130292857857,0.287789806676981,0.11533116188173857,1.6943501258480087,2.473067617513362,0.15116587536559303,0.10096064238443914,0.0901040492763047,0.10538166730161347
2f.1b,0.0682764949064922,0.17113552804178622,0.8066983212846953,0.28823825950628296,0.205594896550632,0.25427387930951056,0.09361250630145086,1.5145340269548135,2.428469844973312,0.20340599467027023,0.11181083242495665,0.08923030362215754,0.09960955198773934
3f.1,0.07958050132763314,0.23727593059568144,1.1236507963015536,0.384036338738498,0.8311934225102009,0.2955724408966673,0.12898916183764464,3.123696219724676,2.2728065106906477,0.16016120861931718,0.0834205618921973,0.10941255712719115,0.10563640108437289
3,0.06380885045059417,0.18739896906724907,0.44490240558200106,0.25601742294555807,0.4200103778193835,0.30473833719936727,0.08991682572242672,3.559612856184838,2.27967074482312,0.1762721823721857,0.09710825574172148,0.10479170017205335,0.10729555500742789
4f.1,0.06362107125266264,0.22623924926679925,0.38906083803217756,0.08051310473764875,0.4275023406206911,0.27920651477695285,0.0779166000272928,1.799744797742096,2.509563937643205,0.15080649568763618,0.08722208307585667,0.09733316211065701,0.11412259610682997
4f.1b,0.06917237785921837,0.256863742549071,0.6663509168454622,0.25730196721520887,1.131404285962813,0.37887380374571666,0.19051860663176387,3.5469045998542206,2.17453585588211,0.18172445086866026,0.08520914889256793,0.15092942493513506,0.10226072180842155
7f.1,0.044711821648039864,0.1314888676812839,0.35058871337737924,0.13735641133772247,0.2936782636114619,0.25125147739835735,0.07440668708379967,1.019499726897209,2.531029035202723,0.15078408479000113,0.06933864094912849,0.07499030703066686,0.08386755491385811
7,0.054421351533637786,0.10771944898342971,0.2844965237469965,0.06962940005062584,0.08826500590359142,0.23531202452099845,0.05781626126466454,0.714065878675544,2.53363127949383,0.16908812261381578,0.12494150177879815,0.11905434447524767,0.08671909769078857
8,0.06658953967985871,0.21288671507255472,1.2291739492702656,0.4406381748474123,0.7877924195682992,0.34394864453006097,0.2822057314541197,3.327142473367431,2.4347869606148955,0.19080178348707763,0.10067000737238645,0.12044230554801484,0.1254820632707896
9,0.07705316800714464,0.28774062399744166,1.5351530734759316,0.27801022939505854,4.518597024672635,0.35843182191969797,0.22511755255248564,6.79643375826091,1.771507622557701,0.19416992371327657,0.11904692512970183,0.20892301049283893,1.5016169512032185
10,0.07146010325850498,0.2175389469232377,0.41117051720495956,0.21050854194432195,0.5066164005740043,0.3235288469656324,0.12166763951357579,2.174261822817023,2.498684355701313,0.13466716193418404,0.11535627388536118,0.11252124989674035,0.12844897144307038
11,0.06460114999595491,0.2611584649969653,0.47638053544383113,0.244631395270687,1.0393347180631707,0.42471276060533,0.20498048594409454,5.367965043920461,2.2548737785243946,0.1812822303134424,0.09029263153402516,0.0994723337208797,0.12199072011162432
12f.2,0.07674795976750055,0.3523733608574346,0.7890344796328042,0.31243075986754654,0.7471321827304513,0.3345658820310491,0.15930763025844072,3.1406212581792983,2.3556014733845836,0.1635204667099372,0.0943943100111715,0.12048406395098148,0.10979716083458402
12f.1,0.09006317714256247,0.4061818090010105,0.5866465834869207,0.3900250914406011,0.943808602426634,0.367511445854648,0.18473875303436685,4.121223834881024,2.1740186754233344,0.17058204514310607,0.10576394062927892,0.10361051380244103,0.08349008992845368
13,0.0634907504110354,0.13766669768820594,0.44813026289031127,0.13475756667045818,0.27075599491246755,0.2480848508036302,0.09683739715498017,1.2962210164035006,2.467396362207493,0.14786330531054284,0.07626796233295763,0.09741797387986394,0.06828961019712465
13b,0.06149240260673312,0.2392534582263112,0.7585909606860651,0.24005304412206843,0.8563694206868614,0.34339536625662115,0.17380005851473,2.6441090266761385,2.4584742197603204,0.1528681739307068,0.09686853863789942,0.11759060117248747,0.10723314772891868
14,0.04469788025770763,0.11864663363653805,0.34881962258407767,0.08935135129508967,0.16358876460603644,0.2533836298593257,0.05276740566770361,0.8239557212317591,2.6407378499437884,0.12510077365719066,0.07960907858616308,0.1172494779314509,0.09634002104580706
14b,0.05851744598419769,0.16870378882086404,0.40506120330532136,0.1081712200031419,0.24221431342286495,0.24408757985585328,0.043436295383123213,0.7682990834911196,2.5598088322529016,0.12499050368882665,0.10725128236617372,0.11809982343024016,0.06802227302359636
15,0.082088790302882,0.31455063118546894,0.9555057647396875,0.2613331426328811,0.5320887256829999,0.2905620077311227,0.14658718708360563,2.5051709906701816,2.2936358678256314,0.14120607409660327,0.0850870451352645,0.11067662617010453,0.08298592966685865
15b,0.08195495074822672,0.3885691414848909,1.0741947390656617,0.2939150156760723,1.3130527205212017,0.4103706668445512,0.19200053365352543,5.225318746803638,2.086333355568897,0.20766148578035712,0.1046716919040313,0.10409534609654682,0.1673699775420808
16,0.059775071093155045,0.2785505245311492,0.7728868155435253,0.31344389559104013,0.6705122055743473,0.3284137986233952,0.10053860801976759,2.4926662012879315,2.511945388509376,0.14313161308102385,0.10332761352298975,0.13037433974926718,0.10931398795234563
16b,0.04347302571453299,0.14084260763341613,0.43791887074472474,0.0793846591076353,0.1315286509304771,0.24113408932500593,0.0796084331149231,0.7832125669357635,2.5591688577410423,0.11230002273154356,0.12605537333184888,0.11393394926151257,0.08605493950686938
17,0.06146937802573257,0.22995533408627844,0.5488565639596589,0.1910007548369155,0.45010527988558263,0.31100120887415794,0.06831353541774264,2.3199233812153444,2.5066221331804743,0.13713332236076667,0.11196558397702572,0.12612155712072284,0.08630090183147272
18,0.055851625762316275,0.192731783505557,0.45034011914472744,0.14635949210095445,0.3198892674895289,0.2691063404087099,0.07287797030517944,1.619090761017813,2.4335934186721997,0.15668048424540912,0.09375675261388162,0.10654384568269894,0.07843291169766954
18b,0.1158583312852501,0.7404933039013946,0.6327189688180459,0.4789522036317731,2.800265177657241,0.4411783310675941,0.16839325374980615,6.781794792034151,1.978564390377062,0.2528764611297983,0.09353044509761421,0.12765710461186028,0.6916962845200275
19f.1,0.057781748521631086,0.14465260847831818,0.6653568612282402,0.22143519888915178,0.9345579935427785,0.26057320245179555,0.06807568069774085,1.6301834886434963,2.427620311232363,0.1848967799735001,0.13762745204589877,0.09321242440801396,0.24011674616967416
20f.1,0.06566870857578376,0.19709368877078795,0.6294246002339406,0.10404633961348735,0.7879780408863568,0.25113929683078745,0.07005400875116671,1.282249083575686,2.4745689111658407,0.1450901759737954,0.060977831248815416,0.10742823879112069,0.13010796054168014
21f.1,0.07788534654544142,0.24901863397883728,0.5623571770025748,0.38899879126267173,3.0491215197008175,0.31149271660946715,0.12602349973028945,4.567762459163872,1.9236860010196495,0.22733601067135178,0.07775161483777411,0.11750150146726701,0.6986795528494006
22f.7,0.06543021818768695,0.12616461463973278,0.5136220836271906,0.17301848040201895,0.4162885763745338,0.23752478903070195,0.05879062692757513,0.9585336169102643,2.5031827236208235,0.1455076859812919,0.10392976607114039,0.09567979978643297,0.14949338627555456
23f.1,0.0821685306534553,0.34252377365585507,0.7471193195872307,0.24835968929908,1.4987156513226616,0.32658267847722944,0.061265956627432304,2.344232088868226,2.4630753536525463,0.16878417241243704,0.0697255084282546,0.11877578383198266,0.25198039143140827
24f.11,0.07701177571583617,0.2652499648810986,0.7284290714979164,0.15241636136159792,1.0592312486175874,0.24316294479418352,0.07705564007364386,1.610125692220689,2.4067475006363073,0.14505504483430845,0.08177281311228475,0.07986975794879736,0.22360404696951572
25f.7,0.056664855086537326,0.17480103346506767,0.584920307798661,0.15123699702528112,0.5086540608846296,0.2812112151070683,0.0633060268721488,1.5843326293081423,2.444672274869408,0.17500498667793807,0.08426528316945042,0.10997367318532791,0.13868873183664793
26f.1,0.07693261048446903,0.17626428004636888,0.4491577862584218,0.13037827660820892,0.7503649799816917,0.2686108185778028,0.06621494256376569,1.5868197471834968,2.4652224363076916,0.1407250386313279,0.08735319248842188,0.09040441836288955,0.17370292988569191
27f.2,0.09913186420768942,0.36513265183717286,1.4267126467410183,0.2458124423522066,1.9527410764477426,0.2842107073968014,0.09966572505958309,2.569480015604808,2.334159024263075,0.17134254805180618,0.08393622625724866,0.10310534065206069,0.3751651718601298
28f.1,0.09461443753543926,0.4561238716662524,0.7305986000498913,0.2895395011446646,0.3717740078624643,0.2903233803013178,0.07153221129183508,1.6865256086174003,2.4932020257581353,0.1275646080570718,0.09769121905715195,0.09419770861626121,0.11846892991115365
29,0.07726974552353265,0.38858832183165476,0.6566280507536804,0.19522670098151948,0.5148220385152623,0.2969931785770923,0.06574969234253292,3.6392793880908036,2.4824476367868797,0.17777808987284663,0.14953972804425822,0.13203493982319425,0.07225055460269031
30,0.05414818512699495,0.1288385511847156,0.41032020527840835,0.15143136518566386,0.19039428977560446,0.25236813165637917,0.11299812772181655,0.850015079502363,2.5203768217517677,0.1355568840056894,0.09601677073689248,0.09498876543464368,0.0888556875939388
31,0.06561161090544879,0.1816130982087245,0.6100005038976136,0.18393229272723885,1.2744974196530654,0.27106102200099813,0.09288466657969256,1.61727848810468,2.491890584730614,0.16263721143520854,0.11534331418752493,0.10249599585469434,0.2083506188621992
32,0.05203401015406515,0.230223695678179,0.5589455127490545,0.1926938761328994,1.6529471766114947,0.24046535636273472,0.08236062492509394,1.4401932443472871,2.400163217413358,0.14561184291608473,0.109921076877303,0.09288634864357638,0.3376787432689227
33,0.0737807816569249,0.2540991259548209,0.604128032996654,0.1981773992987571,1.1850563793024438,0.30472810410146295,0.06702456772858761,2.4514407980469146,2.4034553371633023,0.17109266103976442,0.08735492053391918,0.11888010954391785,0.1706120007592741
34,0.07023277778936057,0.23804895418938135,0.5201518030165792,0.2283624276613045,1.4377333726486512,0.28861105623072225,0.07576074974443388,2.6301174307947264,2.2468479076341548,0.19604576594214626,0.10360887921670296,0.09377111447122498,0.3018851606627521
35,0.08401430892647471,0.2995154862836295,1.0603421771208623,0.44840475176056177,1.8331975487615626,0.29166890946894397,0.06469306148440972,1.9629138198283185,2.2757411739268076,0.17120989983569004,0.10312937061342087,0.1055856952702265,0.3162955627183311
37,0.05217231901342443,0.15468164017532623,0.3380788968021622,0.11618930606036469,0.2069766046201538,0.25280322282514406,0.06463457881005562,1.065036559031843,2.499171052186504,0.14602182521280185,0.10675520997574371,0.1168885159575455,0.07974833681228811
38,0.04691525755516377,0.1691530672251468,0.355629507316845,0.10821025011202724,0.31405268064399167,0.2594128892324759,0.06310983951891004,1.0988424976511155,2.6495040214891055,0.14608145932356476,0.09067099827216783,0.12343051812897421,0.09538420339915621
40,0.0480921185345198,0.17918761935001226,0.5191000726389842,0.26321545554955506,0.4230886132286174,0.28779827891741677,0.07375615916169366,1.938376496087174,2.4848217992938735,0.15434336800646242,0.15009041427740494,0.09972029920386587,0.09933742933981747
41,0.08137638461597495,0.25801467388865024,1.1806905969485249,0.5963582951610213,1.2437340393147098,0.4057558815437792,0.11251299122166669,4.9225849932291,2.133977780098181,0.20090492623404688,0.08598659680340948,0.16969669203787238,0.15716023580360922
42,0.05429536305690726,0.2368003851040704,0.6449631005547771,0.20968054458816746,1.5106461562226572,0.27230306468926624,0.08243813625975305,2.08179083271795,2.3418642835957386,0.19398360209265622,0.12304649830787266,0.16656649141048632,0.291756859946909
43f.2,0.11478664176900562,0.4972565012800147,0.7637124291677567,0.5224312734654305,0.82797301057333,0.4267758116587499,0.17049999468919008,6.284744386337006,2.1091168867659764,0.1918439756307189,0.08942199444018424,0.08216972757296971,0.11145824219636703
44f.1,0.037505101136483,0.12052322739103538,0.5039576469998887,0.19964209399720487,0.3071984778445669,0.254388782588181,0.06915409194919094,1.4732228836446704,2.5583034655234256,0.12280501637045944,0.07929803397658707,0.10743904501535051,0.0921822890346523
45,0.07094835654783464,0.3453926633652587,0.802181418219492,0.4701491094366447,1.4912654562337677,0.46594358185374846,0.21907273788540757,7.5048237359189285,2.0539487112661803,0.24917141567775403,0.10016861718789093,0.13598895931824703,0.13061381039103273
46,0.08873570334891338,0.36996801324811973,0.7548942492319787,0.3721773374524644,0.7353691538154804,0.37605510536524683,0.12849847546502777,5.986675696685726,2.229901830189993,0.14831633683505505,0.10661422043872315,0.10309792181054568,0.10750218509966299
47,0.07083262289903818,0.17836479585889564,0.47316249693160956,0.25579474398995444,0.9770541531493686,0.28426940765550285,0.24357512174139215,1.5324771704891462,2.5127270208979677,0.18959041958211378,0.13193279116340112,0.12151009151917441,0.11173043966778645
48,0.05779020683409328,0.2072349682477149,0.6699097852955583,0.2285067585780666,0.6676374172860943,0.32815607101506755,0.18168732688856593,2.91125702841062,2.3578113430671483,0.17582269108392087,0.1020175515457654,0.08664829954768906,0.09162512438160353
49,0.07990938129880082,0.2910903934989373,0.8184544850543006,0.45570719672481963,0.9745714154466344,0.42968569158942377,0.25231975135877627,5.66124694828527,2.200002801023158,0.30593357541642807,0.12071950442057476,0.1176351297601988,0.12847060774359656
50f.1,0.07274552917179211,0.23854102339149233,0.810150623418422,0.39752437538845653,1.5123611259213192,0.3427284866358769,0.17905746837010086,3.1857144771199164,2.1716958812561225,0.17357054913373846,0.08487672314698824,0.07172813705959286,0.23743704000461527
51f.1,0.06347896151711659,0.15403814158053034,0.5617240349759541,0.2586659724404955,0.3608440695673101,0.2713689619050886,0.0951176820192985,1.7097052031539308,2.4778248154743463,0.15007745382430718,0.0801466871410908,0.10226986093172875,0.07104643912016954
52f.1,0.07258851348673595,0.31059528668881625,1.038789442490226,0.3365913100663211,0.6761523762878204,0.3155685625467702,0.11616151468220935,4.592234007726561,2.2046193295913135,0.18198992534202652,0.10918649529142897,0.09831455903195185,0.08416436809923285
53,0.09336562164355226,0.4212945269865189,0.8549833456799291,0.45104137045402265,2.2000945465478736,0.4497205262004423,0.22507512103588237,6.149940048070218,2.0103875548125463,0.3729707358510728,0.07795471546379429,0.12275927398394158,0.16247527662110198
54f.1,0.04563884804161441,0.2097664089036134,0.782592570509021,0.2332202180940861,0.3649134653145638,0.25887372702927736,0.10524525769648829,1.3722090644781755,2.51213347907485,0.12922404409174928,0.09458369477372748,0.11404315154225066,0.06624850271183537
55f.3,0.07628726990797306,0.36640428020516835,0.7081073845675925,0.6071925481105743,0.8428895065351251,0.3627086993259711,0.18772385385838666,4.476654790595799,2.115591894302312,0.2202200567361157,0.0871367540185526,0.11121575606931629,0.10532591719699315
56f.5,0.08730479265349518,0.3973172417658379,0.8333955505887428,0.664546864199376,0.646503294004555,0.35704892065233573,0.1884991488294494,3.814728222686823,2.315009077831579,0.20336426080069478,0.1175386423504196,0.1688024905018198,0.10331483799453235
57,0.06966222166537958,0.22001818344788404,0.7325934957146459,0.3333238616447408,0.42963052844452304,0.31037238766531616,0.10123574817142468,2.620077953825628,2.374388568673893,0.15400526808736878,0.14920827837285458,0.14667878896525602,0.08373459099804133
58f.3,0.0591975722705399,0.2100341493417972,0.5962670520093194,0.4086990396354338,0.26381173511642747,0.27989106523572244,0.13164852045312547,1.5870899967588414,2.455230999979218,0.12332851507625124,0.11651014332288175,0.09126182768621517,0.09594581030511551
59f.3,0.07535943522379117,0.20453505116921977,0.44194135095222525,0.5322734392626953,0.5454730150101622,0.34315613466859857,0.2407800719423394,2.4921500398292546,2.3906363457368562,0.199927239071638,0.11474200025971387,0.1045867089201455,0.10016256629230853
61f.2,0.06245604386191108,0.22665003819598958,0.5624769099861757,0.25404132898322235,0.5566220951609481,0.2624000787201994,0.12194602307046558,1.7112312902249458,2.415569511209941,0.15858386227127982,0.09519191782524906,0.10845113175661576,0.06813283770064975
61f.3,0.06856705128705927,0.2124265916251914,0.5617025448833542,0.30764915573303614,0.9766506831935802,0.3083936906153124,0.14661830398490697,2.1755885681436897,2.3964269936650737,0.1731036885704158,0.1026137405188486,0.10156275096013324,0.09636779575478567
62f.20,0.08768073601898534,0.3778184302798031,0.6502880697778392,0.44569278743009144,2.8966342090242185,0.43707110782441944,0.5215549300843824,6.527978337827541,1.9502138942703777,0.44171846486504723,0.07195080459899394,0.096597655514097,0.1524612040726234
63f.1,0.10811923087410814,0.4880158915837987,0.6786470705907398,0.4775944296048346,1.3279224833876444,0.47305738151372884,0.24382646386825513,7.510166081165958,2.137820970373763,0.24576639564296732,0.12282843244301021,0.15962939191410955,0.11754850001294664
64f.4,0.07309713164769031,0.2909938244744709,0.47436967739663455,0.3657102584854464,0.8693416410711426,0.33093385402793835,0.10951769713659763,3.141114917806668,2.255225908052802,0.20260501397155273,0.08595822151929856,0.10687918938063866,0.08589105950369232
64f.1,0.09549834987679216,0.49608071702824447,1.54367470867504,0.45263934882738216,0.5099259621873062,0.33913046232179084,0.09834729794445478,1.448905901240539,2.4706860798099073,0.1703405820821209,0.09427056953399092,0.12266990364836823,0.09638952272994104
65f.1,0.055797708746941656,0.16821014657686897,0.6602682089624894,0.45233192865478455,0.25895202998635675,0.3005547230397542,0.18801883313006498,2.1941085509971114,2.3423229690597953,0.15464927549197738,0.08565085559088814,0.0937937591574911,0.10020800469424888
66,0.09854697624743862,0.4932758725428992,0.8077865780282467,0.4144209798231657,1.2880786592341975,0.421789281406884,0.17535331522289802,5.875584171991957,2.176157814377092,0.19033065952137374,0.09738474659234649,0.1265428254916456,0.12978291258673755
67f.20,0.060459361101315445,0.18296320509939323,0.6763802195986609,0.4007457933647841,0.38980583257312035,0.4209033550930421,0.26008433256557,5.0722088709971125,2.1921792515595837,0.18648564862970685,0.11701743056598042,0.11958853453735674,0.09631358141592371
68,0.06399567102863689,0.24271445855829665,0.5214762043199228,0.15478939491605676,0.2848592166013185,0.3272436269290329,0.08517018223876445,2.011093213092092,2.5001725720423886,0.11172186358991958,0.08527556205179983,0.10074937253656491,0.09715638005895895
69,0.06220321873561071,0.14876919333723632,0.4530365829886471,0.20068802632585603,0.17036241941586605,0.2542604340863622,0.12709541185536935,1.3123590485662617,2.489854889729394,0.14951433081718093,0.09601503584113467,0.09899383455649491,0.09554385240236242
70f.3,0.0698746728768626,0.2157442654851808,0.6688502501940686,0.1512479913593242,0.3933121002496435,0.3008235789001244,0.06102906155171672,1.6120283946998197,2.614690354340269,0.16443805064110165,0.09192147120533972,0.10306681165160542,0.14317622033723254
71,0.08207341872532779,0.3501342867860399,0.8255599776246251,0.23615133748123734,0.565691901426692,0.3297629362231629,0.11207339978580515,2.693086483765097,2.410879686236727,0.18256585745513645,0.08755741321325826,0.1120150214924589,0.10515579484218866
73f.33,0.06581094604408123,0.17601800133977644,0.5043828991964862,0.21317790987832905,0.29503426284724793,0.27544490081313405,0.08015429719808397,1.4124108819882188,2.653652415997072,0.1646920801848,0.10799583754213199,0.10962234024456201,0.09525482149414405
74Bf.5,0.05073994469456899,0.1204651322916425,0.4562864144224843,0.2767537355253856,0.27116093779233413,0.25487882179919624,0.11296377913332534,1.2760039301811006,2.44325693795424,0.16750587596831523,0.10154126409679692,0.11304539209583957,0.09883307762371651
75,0.06893933104787621,0.16031406663028444,0.32757432612357346,0.09877094303005889,0.14944113360125533,0.2273564864022559,0.05302006511602165,0.8966705044926607,2.633414921158987,0.13225347978767657,0.0956321820308995,0.08979786996120893,0.08349222205134975
76f.2,0.06069941040831148,0.262184743658296,0.5693383866883059,0.18640010297605505,0.3787762227930418,0.3117790513857461,0.11278790752812994,2.04623537489636,2.507642936130536,0.1083740078668239,0.09053916456530314,0.11384802764221467,0.12129844380909682
77f.2,0.06830272247195308,0.3296095043740563,0.5231447778438318,0.32965307690435713,2.004888930607269,0.33877943608338573,0.10364885175953063,3.400513020190537,2.2290080643946375,0.18931140337154043,0.12047804628190732,0.10747813551288693,0.3768447925611493
78,0.05420083323156965,0.1928925971890504,0.7704871309173215,0.15642534000903094,0.7316179857606575,0.2805410609360933,0.16857563976224213,1.7576301462841109,2.4236309471406297,0.21505030912493647,0.1327899625982966,0.11247433425251972,0.11853130866203
79,0.0587704077468712,0.1444585493423037,0.3770673877019484,0.09631782326829112,0.14045107285933778,0.2655331296550599,0.044234379047396,1.065369659211474,2.5988312007437453,0.1143057817661816,0.11802927520341215,0.11608197873087855,0.10185443922829356
80f.1,0.06872239451368796,0.2377630672638448,0.5527789431716092,0.18927403379574292,0.6162867201264776,0.3225494320523701,0.13905892506325088,2.6629889869995025,2.4717144425674022,0.1802230792201521,0.08525369955119509,0.11845197260068573,0.09434334916874183
81,0.05530733224460573,0.17703556652147912,0.40575475044389037,0.0760708745615512,0.12571377786180246,0.2737198244723547,0.044215472181419115,0.865607759779185,2.6500448950317863,0.13629229339833285,0.10241698207014209,0.12427279489975251,0.0976792869893282
82f.2,0.0865352193781091,0.4581500730491819,0.5211403995154799,0.43913996538177336,1.1307828915329308,0.4910398626967802,0.1580408648033408,7.270662346323978,2.5430028556100535,0.2221914304705627,0.108178021812407,0.12110215975895457,0.15287984731090157
83f.1,0.0708989342355997,0.2076977153055918,0.4523576801072559,0.29247925336540237,1.3206419188821796,0.28573801264848603,0.08007688034208911,2.594275230025966,2.3111743170274948,0.22254909492848204,0.10897184532804931,0.12191032018228883,0.2580008935030516
84,0.0757133825314855,0.19230427509189685,0.4327491845378302,0.21301942002875796,0.9490160183066362,0.2867201915706668,0.09185365880950914,1.870289090430978,2.4534698125136374,0.1543567220379001,0.0970851493568619,0.12600515853255975,0.24567942125964426
85f.2,0.08250404171153654,0.3466862346956357,0.6594276789682137,0.29578657528493535,0.7420673298370707,0.3217297681926859,0.1115000837424885,2.767718053883718,2.3310909625259755,0.16253469507711374,0.0948236626368401,0.10106913251873635,0.08471738471058234
86f.1,0.05836836460083792,0.2195705069417571,0.41746315311446963,0.15462174182706834,0.3618142397463966,0.28845885394302756,0.10155445175403721,1.8681094866262724,2.4772682193513957,0.1471421465464383,0.08014760842022678,0.09308686870828715,0.1001804794998613
87,0.08084326500817991,0.43441450394351255,0.46723830039108155,0.24645748993511413,1.0044990305403543,0.3038801301853795,0.10528940983410474,3.3413317340556166,2.284158151872882,0.1845907058191613,0.10594894421401108,0.1457195380352918,0.20710419134098432
88f.4,0.06869191104990725,0.28338811887524673,0.516435772917515,0.5585675649730044,1.0889507548046315,0.3203403875925368,0.19242006441852844,3.4059990444253923,2.156708387539572,0.23836444467984388,0.07460698408074495,0.1047503975124164,0.1422733627509073
88f.1,0.07792154073445295,0.4060933977643956,0.6425721589831066,0.2898102946426243,0.6492226819159908,0.32702840499850283,0.11043410937754305,2.9694692799972664,2.393380657013397,0.169328689237321,0.10243264277358098,0.10254774106122418,0.07852052391301806
89f.1,0.0577804785234091,0.12531299179688024,0.4435191267465369,0.1133994072783991,0.18129744688099816,0.25069371546450686,0.05339077598033698,0.7696919972198325,2.6166449491948884,0.09708234806979409,0.10737465737550968,0.10077012265903133,0.08561161709954294
90,0.10501747331147486,0.43744341547879523,0.7997710171038307,0.5822236735648104,0.5820931886536573,0.381089338329365,0.3375245947633641,4.219393614417314,2.2000698411425494,0.2014922625958999,0.10665147967284079,0.1178641205798378,0.10284657590942715
91,0.05726893667583338,0.24767535007293265,0.6372870821506157,0.25838911323962943,0.3078336197861946,0.2857356090901333,0.0751353343620067,1.8176817959452525,2.3894676041646523,0.1586311803857536,0.10545923534842512,0.07966634879850971,0.09697896311603893
92,0.08768487976686812,0.4149379657888736,0.680069096860553,0.210488356573867,0.5054044256281444,0.2864957996706525,0.09635101115511997,2.0856536606712126,2.4154721609466026,0.17285264360487038,0.10673907306438302,0.11974768327729345,0.10052282095833513
93f.1,0.07029698880242492,0.2811646696092352,0.7529345174210437,0.31321640304866727,0.77914335634391,0.2948606328824696,0.12850763146372726,2.546574615404164,2.3707948640473577,0.17996813679036436,0.07340516866443313,0.09525265940029055,0.09150155067545594
94f.4,0.07398108787083298,0.3197249555423829,0.5489833178084512,0.3527289355576255,1.3359013182036297,0.38818381460468004,0.3372577977248991,4.904244107601547,2.194152821294493,0.16759578852287804,0.11475676743726537,0.09841984926750784,0.10627600417760465
95f.1,0.053279351918327084,0.1847693234351474,1.064890725609198,0.32106739279152746,0.5188345543637559,0.2702459711372985,0.12113153511534584,1.9340420653111343,2.417276845819709,0.1617809206943905,0.12256000684662736,0.08628587604176667,0.08291857207044274
96f.1,0.04262592387905631,0.15951257752305747,0.46307456744386916,0.24131709453156455,1.4169162300379872,0.34011517163889904,0.2861409354046518,3.513236503949779,2.121370526953665,0.2969553177447523,0.08367677611392461,0.10519165908459034,0.12321387762512397
97,0.06775892022395841,0.2365597040379923,0.3553409889305778,0.07145283895998875,0.5454190317097987,0.30427915548478085,0.08821181995689381,1.9039551975558062,2.4729610844584737,0.13849504207124966,0.11902684347781821,0.09885807408962238,0.08843248630197964
99,0.05436734609091196,0.14594161402879155,0.3185093541593212,0.09393837305238388,0.22654394151657406,0.25272058268627795,0.08452791762183136,1.1646814231347065,2.5064600199837375,0.14962677171148678,0.10750954741132368,0.11203776557371921,0.09888403321901373
100f.1,0.07161874230758222,0.31121985287803766,0.8452755531385066,0.1937091335833071,0.5064018089704324,0.31010424478346743,0.10292904370724447,2.1601407104216164,2.5101643529782183,0.1627523828605776,0.09248098004980393,0.11737332913530069,0.10714234192975929
101,0.06757451956021653,0.29580434233521996,1.0117548185559,0.1977435442054437,0.4594661390050165,0.2977316514307008,0.09896238371981075,1.9170061015597657,2.516323456289522,0.1469829163122431,0.1218155396658017,0.1401997306569682,0.10705218889350755
102,0.0787172606828786,0.2883922435009039,0.5553177928137384,0.32140159548528024,0.8298555806826972,0.3520678478187398,0.16059759248212055,4.391558149926623,2.2960057295931446,0.1583490787512844,0.10586727576672438,0.12013954258521241,0.08440829362010031
103,0.0650975675580665,0.2716395248644563,0.6983777071687219,0.2456075506654505,0.6221560726083846,0.3281114884004735,0.11663255413951744,2.4712315851035096,2.3631303034620883,0.14985840904374834,0.08515778324885924,0.10729461487116639,0.11532094923520386
104f.3,0.047393547410784526,0.1873167997356678,0.43909233405251635,0.20596421934021714,0.6352533385149132,0.2603076801848893,0.12097317592195038,1.382256207934175,2.485379572367435,0.15441037217384143,0.09752801925900124,0.09164747825549696,0.09624105629013506
105f.1,0.05338224192563731,0.17530069917048938,0.4324350345713643,0.19215863169175507,0.33479890318984823,0.26839944898357954,0.07496330209294731,1.8889803868718396,2.503610524536251,0.1672350504210907,0.08149983826693914,0.11117129818910065,0.08562678458439259
106,0.0652850910275961,0.3041959836070887,0.5213454721773964,0.3808672016627165,0.6205318367771638,0.3787562830648226,0.12525047380849072,5.094868716399536,2.2176656813442457,0.14007744649609158,0.08114422951306365,0.09096408834345959,0.11327387850307612
107f.1,0.06090296388306665,0.2169040130530792,0.8615689935377837,0.2728748558141116,0.279366289758672,0.23886281702148368,0.06869152924083707,1.2785374187862535,2.4908593673362627,0.14282687772714495,0.07717676392819296,0.09841401355189043,0.09622324347065529
108f.1,0.07552705182119207,0.256708872050663,0.5584024551132859,0.2394475053797493,0.4457412097143542,0.3069474322602074,0.10515587461449753,2.496726205584361,2.4772318073256927,0.14939739972341204,0.10822386973717195,0.10456912530986157,0.07928197842542081
109f.3,0.06973742311586478,0.27085160191078544,0.730622967783373,0.25924594448731275,0.6964464922101151,0.3010093621348701,0.10407090066502826,2.668888408169455,2.3844314922770193,0.15391545978831497,0.0894697169058122,0.09814719827297828,0.09941793301546381
110f.4,0.04730864717119528,0.15154422268143766,0.5832445637198282,0.2913363426204388,0.3080709366107331,0.26325353506346677,0.0969548476251015,1.3680007854393483,2.5382582793092467,0.16252071523679734,0.08851036937429906,0.09577065707161807,0.10027933806406401
111f.1,0.0771080921859843,0.3480831498797401,0.6746674580640589,0.21133853942886505,0.5314133087645785,0.32065270352275194,0.1286741288353613,3.228114355446689,2.3614512692626275,0.17119874557607384,0.08883199489725861,0.11292118656455279,0.0899763466674935
112f.4,0.07212230014762326,0.15433032643191621,0.5512952503204803,0.22218654605715435,0.3216515918222085,0.29557843619382546,0.08378371930628477,1.9200089157118327,2.6257190856969785,0.14959679338633047,0.10972041936576511,0.08736567798998181,0.11345911755428285
113f.5,0.05997487271811697,0.20198127793459922,0.6199229883519041,0.2713551424272054,0.40578087677567504,0.3196158681002273,0.11744978635541929,2.306040681679964,2.562743621511581,0.15678351289987477,0.09177598667183777,0.08727568886142628,0.13150973452909448
114f.1,0.06553740380367433,0.22010116601371485,0.5648908144584325,0.3533550568413792,0.4408273369518958,0.2732612084456898,0.1805234394047627,2.7454617506862906,2.3817114370463455,0.17165174308346934,0.10009800103849363,0.12263946060476995,0.08925230123772504
115,0.06442358022784835,0.19584709162807404,0.6394384591403951,0.13723510764003963,0.413563553055397,0.2830427824405118,0.10202775430505213,1.533991070917322,2.569773453012423,0.15958615512126675,0.09872680465737436,0.10017091228989501,0.09183802720368407
116f.1,0.0485161000249395,0.1705358742346912,0.8107654317518415,0.19988127395157523,0.6224230651693603,0.29390053707730196,0.11743340979103516,2.408388408052296,2.239991820021146,0.15154157255812484,0.08636573594343301,0.09685426465370985,0.10961610740140997
117f.6,0.05874502243636844,0.18636225563646414,0.5953779074521405,0.291208740864439,0.29063717569794917,0.27422137874090735,0.11593633404272519,1.5501395915698317,2.544412341585808,0.1656787411741141,0.1012561095595782,0.12156940567545192,0.0879273212208994
118,0.0715465743498913,0.2235403176647843,0.786958491954869,0.14503732158671373,0.41567943689834036,0.28579870495819293,0.0896380553670627,1.5694492046879134,2.5723388961091236,0.13030834876418967,0.1006176176291304,0.0877633500868345,0.089354434310557
119f.1,0.053965530615667896,0.20678152495185,0.5883634078738328,0.19339723129186168,0.40686129252296865,0.28349889032462383,0.1085607811272581,1.9294063860279067,2.5327133994188364,0.13978866398928927,0.13115015181237824,0.11047579777296081,0.07755805973964103
120,0.045783964760781004,0.1908260798983702,0.6561973152212638,0.152559757082109,0.5099340735486866,0.2641424821946285,0.09094036984619341,1.4932019816068358,2.4173260946068003,0.17443282660068574,0.0909410235541886,0.09563486486221469,0.10326494458190472
122f.11,0.06986720856523797,0.39384833131971725,0.6251020722951638,0.21627096328435388,0.2727195253815586,0.33377425511936326,0.09922516084449236,2.6092667515002717,2.4363620076948913,0.16180470631046084,0.10591236911263029,0.10860525712947966,0.08893879772546459
124f.1,0.06318267298994094,0.22129747026206537,0.6145957306589094,0.25897095595877023,0.30803222072122965,0.2718072422506455,0.09086725636897934,1.643473421945697,2.4761408613984357,0.15380704746199947,0.07988662290620048,0.08552187820175601,0.09360242275790198
125f.1,0.057150196278505004,0.1981469402654099,0.590764673283335,0.22877676724266824,0.5090209745262432,0.30052374160461554,0.08744570304001105,2.8384304181443074,2.4045626345716204,0.15021541197863145,0.0905382223215686,0.12168155965078087,0.08953044966298163
126,0.05835294507032662,0.18400037838809133,0.5098345681450228,0.16732804447267693,0.42335634038781866,0.2809375034593326,0.13499598969004267,1.9026576508025819,2.450623540860491,0.14501209242911847,0.09178728998426626,0.09497004371701893,0.08048462300794157
127f.1,0.06652315107085834,0.28753950030690884,0.6933796873551801,0.16937171996621378,0.46878885544855037,0.2828346574424961,0.09650403703192027,1.904570581168212,2.4230988919803225,0.15753222980216183,0.0678968086724924,0.11739832223156842,0.08746640178654182
128f.2,0.08465223829863033,0.3762558210195388,0.9171188285636815,0.26625192577731505,0.6857845079846828,0.3041351012058339,0.14058498533506128,2.62816739282024,2.388367487636411,0.16665030026060354,0.0925288577695426,0.11612128577943458,0.09639230669930927
129f.6,0.05580815899239161,0.18552339859884817,0.44814726271907546,0.2686537641805586,1.6776548585350313,0.33667064956058684,0.17147453372361543,3.2574757643248744,2.249211393919889,0.25411766143342224,0.10744799626162795,0.10360980211479909,0.1052512185557518
130f.1,0.05303948110893172,0.17263522749662696,0.4574153576102758,0.07426390931360016,0.30983838173109285,0.2555289892273425,0.0526463267222037,1.103607657374815,2.5953644825236055,0.14366270353409435,0.09430523824814951,0.10470542168989573,0.09680131409013053
132f.1,0.05941461923272717,0.162350411321758,0.5213965142193618,0.1346369288362497,0.27206182114714067,0.27269695156382445,0.07609416232740907,1.3458297401604196,2.532105295422182,0.14338404141032451,0.09642682193267908,0.10616414838424186,0.10478401266866326
133f.6,0.06879976445060566,0.3011690692906363,0.6835491456801338,0.4268693819030198,0.4921669896692422,0.2935713493189747,0.1328401877660238,2.300683054388338,2.2984668998271807,0.1460758101219754,0.09343919816499424,0.1406956478191174,0.05277649099615031
134f.7,0.07141208979271539,0.2597998113317806,0.4890458341333645,0.13019376059171697,0.19278307885385448,0.307368690536814,0.06975726358731194,2.525261227567822,2.444754995672875,0.15859617487707348,0.10584832522171299,0.09974059511187915,0.10688483168735617
136f.1,0.058712356333563975,0.14966051357468224,0.32003833709382956,0.10651044763939518,0.15413317452145914,0.23932686105494724,0.05036257896824949,0.8377004428385771,2.504872656779702,0.16173114203042485,0.10469082470763191,0.09512673552180033,0.09876207475212413
137f.1,0.06860766329920195,0.2164409802467477,0.37582027178460803,0.19918474404584224,0.9924626860027855,0.25700892795576996,0.06741987905954179,2.130296372186631,2.3577165715475403,0.17213840755946816,0.09595317016054661,0.10785325570770364,0.26346967346610123
138f.1,0.05328984268072016,0.2253474881854242,0.7005545328075714,0.4614518963366831,0.9705120241729347,0.3761818511383687,0.1882429509475274,5.319373722908111,2.223014033561626,0.21278785308231454,0.10785368501870857,0.11866255448513097,0.18159498909960045
139f.2,0.14038364973518952,0.7625733604354523,1.931177057151628,0.29892966834803586,1.6515228640262993,0.3270372107685691,0.06968119192382569,1.609477269371965,2.4202824828792164,0.15126123352296092,0.10669519231277003,0.09988981441109945,0.20343464943004963
140,0.17049107080907636,0.9025527259724262,1.6144484549223772,0.4251248816037416,0.7050477547344455,0.36006293365371284,0.10220583167300464,2.4588555584570453,2.4414879068091997,0.17642410098835284,0.0866602696275164,0.0870631523549258,0.13186478966666013
141f.3,0.07496858812220943,0.277566404432494,0.5720159790782811,0.26281110824905834,0.9822130772282524,0.3700722492985991,0.12075193027360659,4.259422347247548,2.3289529219466165,0.1692999249191923,0.10863730200505463,0.11360516952345916,0.21370190238273246
142,0.07757857220605022,0.3475160828465453,0.5955788010639099,0.41495033505348855,2.2308983787374306,0.3509806559289536,0.14241076636682568,3.978722470771782,2.0715434229879346,0.17925308609241952,0.08420897513543084,0.13385259879263525,0.47626191386571626
142f.1,0.08095739796005803,0.20123814842501045,0.47570090595659914,0.18978220179329408,1.0582586735567678,0.269629418983284,0.05577417280144459,1.555544695638983,2.4149269946408154,0.12650046055751396,0.10126073680578183,0.10359851812261478,0.15395921907224444
143f.2,0.09504071068534174,0.4693314573549951,1.673580448633485,0.5112107410027613,0.5125298448954428,0.38001652730272123,0.0846654512217509,2.067910748035415,2.342666906901819,0.15765465864619488,0.06761177531248595,0.08374611009874366,0.12942800968988713
144,0.10603714852989606,0.4032472510279181,0.7146102155496554,0.5040809271144914,0.7666340083180859,0.39728038399294546,0.11269817627947165,3.786817049935389,2.312190582644069,0.14313158945950663,0.08755272820191878,0.11687771612015176,0.0987129331159754
145A,0.1534184154454373,0.8232532457946196,0.9780926154321857,0.22211522701672853,0.42437231696670924,0.3687166891209357,0.06124238172567354,1.4856938601620195,2.57732924778005,0.15462641249751533,0.12414448072517022,0.10306986086877679,0.08678770660736725
146,0.11911750052035523,0.5825827020015545,1.8272039069569221,0.2736304198689153,0.38893769034916037,0.3434945597449978,0.059945841680758304,1.444451404223549,2.5446047581672784,0.13463793562582327,0.09451397902281712,0.08706338863369485,0.08409538125689091
147f.4,0.09330599806444513,0.5120502472767786,1.6852733318886635,0.4139736623852253,0.5557769959416884,0.3380413682308053,0.08632257054394084,1.9906274215708855,2.4211469013536404,0.12331197718178218,0.10928601170182468,0.11593361024096864,0.09126561009120705
148,0.13579249633890886,0.6525278989624023,0.8341175648903206,0.2518662621437782,0.4817969810690783,0.3678546261485094,0.08650657236127461,1.6654959124676976,2.4958136650829856,0.18978823874118655,0.10373138862532061,0.09448210111141585,0.09340004213306896
149f.2,0.17722851735743742,0.9507992744139813,1.9890809537561964,0.5151802672836918,0.6616179670794019,0.3831141797534395,0.1337290700633268,2.152377070300503,2.450021067726818,0.12940265983342017,0.10926349264564061,0.10267257364289441,0.10839262459004928
150,0.13724921674987553,0.7101080025910047,1.5678644922203764,0.35559159069177176,0.6467500077113233,0.38233357862685563,0.12207950154006142,2.706240002820141,2.2962227735206375,0.1330419187534976,0.12710728433631946,0.10804577441515119,0.10834144858309941
151,0.05806325522189671,0.15391555988048902,0.34111946423579026,0.12909858221995288,3.1803805372990834,0.26748917714957093,0.08839963931601018,1.9373769187486662,2.2773313568705675,0.15068231965146764,0.11817528282324928,0.11549346024352651,0.6816792111339524
152,0.1578528452402852,1.012316886589705,1.4223051763048442,0.40537506561797554,0.7906299774319031,0.38863384496659653,0.13038706753828277,2.596847981658374,2.356498198590279,0.12798578613699688,0.11167483993700676,0.08901970109610062,0.08520802580749369
153,0.13773144373597923,0.694365606227508,1.0983114645869898,0.3245815710211752,0.9363009358293853,0.34399303875413895,0.09172508518042162,1.984075838952393,2.4342753547950235,0.1291531901619278,0.08992508087055213,0.09322409004999795,0.1266896503324534
154,0.2545482928903531,1.2575548980417481,0.6914068488957859,0.19287296671696472,0.15511201600217436,0.34486012334841903,0.08443016262020976,1.18518331581481,2.4900012651749805,0.14230482721763232,0.09803464614127771,0.11439839477993045,0.0645261573531512
155f.1,0.07552929073432414,0.2405719868928081,1.0718642694005427,0.22006410507284124,0.5688201026582759,0.3166072463649477,0.06898309591191389,2.026330559289455,2.46222744887131,0.13153572389357746,0.08670142136621205,0.08834088567181086,0.09328080917319527
155,0.07708926507640601,0.30767248364942235,0.6992707000305537,0.4089180943440507,0.686303596020068,0.38135923447857484,0.10887337103080595,3.991068842906041,2.251189485150532,0.19220773757599643,0.0904869970287779,0.16665921278112591,0.11033042115191315
156,0.06168549158475284,0.1829859954238732,0.4620234388400943,0.24360112687849425,2.156567730456246,0.28270392692152263,0.07532153541555825,2.541449533229251,2.2927341921566233,0.15137990283725677,0.09255893871071842,0.11664948438622046,0.40274939745725513
157,0.12620061079895734,0.6382474137212284,1.5867962258041606,0.48953555722501585,0.4221932738003597,0.3468117009070228,0.10148985361734941,1.7304331264251498,2.399290408303619,0.14213184981739113,0.09940834640938352,0.10313838438690932,0.08887685073716278
158f.1,0.2420545639077334,1.5387121110389412,2.1580846785464605,0.3674230290651333,0.7668773554077193,0.41970557367487693,0.09965978964937527,2.7123097591324545,2.436515642010878,0.13656872243319274,0.09492646834222522,0.12278418053568001,0.10580997208811234
159,0.058147199841423323,0.29344305182080244,1.0680447475615604,0.2996337110151028,0.8356137991190512,0.35661585310882965,0.18455857363547115,3.8442434365143883,2.2784429049695483,0.18196038372742954,0.0997375161408806,0.08777622635822384,0.08643653468688987
160,0.19646964063872294,1.3538523146652348,2.2343834612811775,1.0316621994894222,0.9319639046011167,0.41520834945005936,0.1668897979986439,3.628046402519215,2.240454195885343,0.14824505918061803,0.08407060718722553,0.12315029283143193,0.09764506191098106
161,0.11594849980148601,0.4933637343315751,2.2790258068175375,0.8944536328058533,0.6212040156542454,0.35151449152061703,0.20435278770347684,2.4322113323124044,2.3311984572627757,0.17108207135159662,0.1078173671374284,0.10538211105439282,0.08396767058022801
162f.1,0.10507084852140318,0.4541158576560984,1.8570511979999826,0.2713240500354024,0.4723852481227983,0.3338342118375161,0.060825706518413625,1.6034362188480669,2.3971253026687296,0.1225954772331926,0.10632697838267817,0.0956197169555678,0.12266147431358665
163f.1,0.11379815089377336,0.5337413496221418,1.8354437160081989,0.22900831593998622,0.42691774801483845,0.35044551343761876,0.10029667536400362,1.5590724240664258,2.5296481462253473,0.11455237752545656,0.09287450303436338,0.12592673379723426,0.09237263299129672
164f.3,0.12277926509612569,0.6005289390588961,1.7892372156728573,0.3339983055583398,0.5550798252250062,0.35589322441720667,0.06836898511007991,1.8557951752649593,2.4268923458385663,0.14863960301012577,0.076380457588842,0.11029034532228267,0.1086162862385691
165f.4,0.08541611367393576,0.4744604855699313,1.3697083942713268,0.2748077863006095,0.3578310826043089,0.33953474057275396,0.07394978972295162,1.497530018269454,2.481466053959054,0.10725590535127338,0.0817771113285614,0.11770137092569122,0.0902653020704159
166f.1,0.11351224875721018,0.44173214600712357,2.4273953922408236,0.333618801017447,0.327802206540287,0.34636659351747673,0.08924505831675213,1.4241283562636697,2.4864561273947525,0.14320439151055056,0.10086636547845694,0.10172185454675074,0.10620426081083179
167f.2,0.13000941036139715,0.6551977515128896,2.6071808021484912,0.3853569776847654,0.6794066651072014,0.33535126361332884,0.110135155645949,1.9085285417868258,2.3624572783877746,0.16061183419907468,0.0816147965879851,0.09402727754852051,0.10535854905441046
168f.7,0.19699471280762135,1.2859201994386238,2.1273748103221606,0.629290508983412,2.816867363569898,0.5215188234485063,0.43683712109212963,6.336650360487248,1.9798031762319512,0.4108779384154227,0.08170883016073761,0.10334301828314096,0.15763422129766655
169f.1,0.0848734247753044,0.44475294647631686,1.141741071036187,0.43041986811420946,0.31639276694250984,0.35673830119785693,0.15355369613156658,1.448545990156556,2.6125935472318083,0.15831638831363784,0.11264634233092297,0.11253348621450233,0.0878651079943968
170f.1,0.050566217923521506,0.14555423750223484,0.6740869076007391,0.05138453283411421,0.09283641571896527,0.29708093932499163,0.04408583400332131,0.6658673840443142,2.563251201293784,0.1337874334430225,0.10472270433678244,0.07277535514139631,0.10019243186569406
171f.4,0.13092953150449946,0.6810948790229828,1.793907425877655,0.2829579837567366,0.584963293875297,0.38467348172237076,0.08638942204267279,2.1897834231546125,2.445118686085571,0.1519763009650782,0.12260395101876609,0.09969684736156394,0.0736096792788967
172f.7,0.05678495672283773,0.23778413848505595,1.7479888190474018,0.26778386131370374,0.45511629201562503,0.33171122099104833,0.07830393492482483,1.3525754692173262,2.5607242836809196,0.12345351778193976,0.12149421911396936,0.09508572863340782,0.10881793871624945
174f.1,0.10225742165379627,0.42843115700169027,1.4721984291131707,0.26085338835427624,0.29982611410058674,0.33788270842846435,0.06369147240601776,1.2436965946948606,2.4868536578437066,0.1573789533176437,0.10191254592678001,0.11443153481747065,0.09392082471282187
175,0.09263703595184765,0.47978420887704515,0.6212148266998921,0.48920892268023025,1.420845813769696,0.4297025453420425,0.20768865867965547,5.908954812063878,2.192342958295782,0.29050173167882865,0.09285386147177842,0.13581491876590357,0.13206019815956907
176f.3,0.09589751257146689,0.4153244190368888,0.9128665461727037,0.17301133423013018,0.13570088274233208,0.3120852956641052,0.05325510556820557,0.942727102873909,2.4207648755396023,0.12053852078000059,0.09854189863273566,0.09842667058427564,0.10155366903683459
177f.7,0.09837351398323013,0.4438673515348113,1.6526517409087393,0.4146624870904781,0.35952847829153,0.34883871173208253,0.1074781959881528,1.5470413878134115,2.502490343450152,0.14254432458746402,0.10322339956050754,0.08652484770176389,0.0803422672532632
178f.1,0.09000691191047534,0.4525070460613641,1.9031441999891765,0.2919634826438434,0.3933856647387757,0.3438665186097538,0.1317761326502256,1.9079245384695656,2.5105642397800425,0.1580053144302743,0.11580589747857982,0.08857418041798905,0.0783489142455
179f.17,0.21253089148270563,1.2738420648885114,2.1790402751359568,0.6605015071450367,0.8799787830481117,0.3921353550274766,0.0904134168703285,3.2251596547112182,2.3151158804892447,0.1462108063867588,0.12463339445564546,0.11188770985247946,0.11084944804555942
180f.1,0.18867804157112186,1.0455603336726809,1.3579767554470685,0.6290691268008487,1.9670258820856075,0.37253232893684435,0.0910503331406657,3.2417926520593947,2.1431888311086382,0.16684558305703112,0.09931572934315969,0.08117964888804327,0.25091434466104773
181,0.23750453685399345,1.5338564456489499,1.7660291427234391,0.5756397194427915,1.7150597759300783,0.45023554793220794,0.12419096608736185,3.9291345709195493,2.1973683483272137,0.20529425528347742,0.11089360824058499,0.11306001359674415,0.09844719838902533
183f.1,0.2804094272202871,1.961086167900433,0.9952635000567556,0.5508411532331373,0.7049457915133254,0.48156151586760315,0.1256124663102487,3.759760998595654,2.3995124894814803,0.155978271576216,0.10213072139455166,0.10449428083345137,0.10288366915984115
184f.1,0.10850462565070484,0.5484183015236201,1.9793316842506854,0.29518026652534485,0.3708180291171857,0.34565814196414085,0.08003551823722688,1.3143812629259317,2.4909190094009976,0.12299177771889369,0.14168837244538043,0.10212742565129544,0.08738812953525649
185f.1,0.07603845331122688,0.3048146784612004,1.3567544980866362,0.175285096067796,0.19322337792793007,0.32695455868833473,0.04810257022168648,0.9922684142581669,2.5345156000122233,0.11449646581505646,0.13391385895027427,0.10736261385625263,0.09804983196852651
186,0.0476093061315579,0.13771213581035102,0.41937588792407093,0.11852055836974165,0.14034395459650548,0.27060789538705143,0.03993285997404914,0.9725158369441331,2.6480868777427538,0.14786607711030364,0.10385703993620982,0.08910503953330495,0.0768462438653175
187f.3,0.2641770791250481,1.7203517394064278,2.92774450520823,0.710994572288248,0.971935025979957,0.4437608356666612,0.13135234947908375,3.7206546776627385,2.3081179293523277,0.16906728819324082,0.07929102890140532,0.10769041225479077,0.10134456097031626
"188f,5",0.1238672980081285,0.5799508219853021,1.4209235566391476,0.3134883312090713,0.47864503697603794,0.3474868554059962,0.1098330584515171,1.5848392461838463,2.5173491292067904,0.14171965755817048,0.09026085628962753,0.07546107280242975,0.09354393983904957
189f.4,0.0600254543899565,0.23508676490750413,2.3587252702490025,0.34553077957706213,0.4846685132193984,0.3376394337610558,0.10881465157154628,1.5790942046076237,2.380559771748096,0.13431312602744436,0.08083333810915411,0.08601767523919147,0.08323417994675475
190f.1,0.07442356096190782,0.3183307170484848,2.5445756199539367,0.5263271033296057,0.6846910105261244,0.3549953183157797,0.09984987388035756,2.2757996627749777,2.332033558078884,0.14682642233183027,0.09868543338626551,0.11299115988852908,0.09747180067222627
191f.26,0.12931743303300908,0.6758081251350245,1.7844258890539155,0.32998873526357353,0.5374156719815054,0.3846166358415642,0.10419365724547985,2.445104627797484,2.4023585384388224,0.13836816879189195,0.1206117184874325,0.09400155649012165,0.10675588649489376
192f.21,0.0815013002168468,0.3041517223138211,0.8390856769689385,0.3823840387998264,0.913724038582736,0.34694822857499824,0.23247886081554683,3.9812648709740515,2.1723345000838457,0.25813563147962443,0.08838860611747651,0.10538180564776363,0.11302084267874575
193f.1,0.05052742369364646,0.22988753932976422,0.7052719203677312,0.32880240171356157,0.33197741214358445,0.30629934045539814,0.07866892583111822,0.9383860465634686,2.4877324572915422,0.13142724892383364,0.09419343305214706,0.11514592306850073,0.07454062551289597
194,0.11067996719066324,0.5185868107154973,2.290292833088526,0.30187712340868117,0.5586550697485402,0.3774896724634038,0.1114626615856966,2.5380439642816754,2.491987140301242,0.15738012050371172,0.08454086731217718,0.09845992422168227,0.15540559078904848
195,0.14672295036048455,0.6875878591650607,0.8603060203216416,0.3162969125937634,3.364669011912928,0.3386549216746564,0.06276523983600295,1.4757767851492172,2.3952221237615112,0.16949369491937585,0.08425313223600632,0.07495506633392936,0.46998150883314477
196f.1,0.3125069490061989,2.0183721110349357,3.3332116313025124,0.8846041002722232,1.1307136034146945,0.4692909862282028,0.1760844035328776,4.868248219361982,2.13123097091027,0.15958991540714437,0.09037924792964076,0.12364222586206403,0.1253938630737412
197f.1,0.17694491161471235,1.103688953876848,1.1153548470093615,0.44412904213182686,0.6577260535729237,0.39624201027940936,0.13924191435008437,3.4836318509757347,2.2462957140662887,0.15483636287013886,0.08409220083497328,0.10119179710005095,0.08800434288135095
198f.1,0.05503545202174783,0.15591480672492894,0.7232239542274757,0.24815827932895276,0.7399698674756219,0.24003740589233158,0.07076399728039286,1.246464058945904,2.499735832179458,0.17039942535875552,0.13183860351335294,0.09132707341809894,0.21109211200986647
199f.1,0.05546894573573872,0.14355090595985806,0.4198300393663151,0.17675833413751343,0.3166847663822814,0.25512217421304745,0.0808185148990788,1.4140802648765394,2.5094010919633187,0.16435515855486796,0.07540219199109104,0.1215077629431089,0.09836844315715221
200f.1,0.0661646692427606,0.2571466831048505,0.6708587048828073,0.3559543309284391,1.629434142642679,0.3785151732083218,0.12969139419265788,3.9254767176894485,2.1988911006106124,0.24932686880283952,0.07967622352690577,0.10803276863802454,0.1156570875824852
200f.1b,0.07718372348399981,0.2962775117764372,0.7011397765588739,0.20659037914180683,1.0240421323995166,0.3033382292332246,0.09203981998578253,2.2473782594384377,2.346377559629018,0.2418159639528998,0.07575976344781994,0.08451086640831805,0.10393779717697434
201f.1,0.05656307670744337,0.13771202435971613,0.46475398837650084,0.23426929146174208,0.7759809154236335,0.2843402356817433,0.06524814339207603,1.6158379232940236,2.4526200609466877,0.1971600418770081,0.0848762135366289,0.09787684200773554,0.15841478122513383
201f.1b,0.049277620042945086,0.15147106556616896,0.4403369976958032,0.15528716854878405,0.6193046033999386,0.2684496251221652,0.05474072435956884,1.4315437761718945,2.4757454085490695,0.1284001169932729,0.09375178343403791,0.10010415254781387,0.19561417901397496
202f.1,0.06796601789697519,0.29290913155212134,0.5372924613787751,0.18156884691543182,0.6503100637022882,0.31004694270010097,0.09674540124831754,1.9597896717000542,2.4561944003498675,0.19139540103316066,0.0930148075489714,0.09011958871971017,0.10893868097059757
203f.1,0.06689342036705621,0.2284020336635394,0.3792078846302323,0.12369526854687002,0.3448739778630814,0.2861571905225768,0.06588648229559689,1.4510538175574308,2.686182294626011,0.1588796172710684,0.1101066901279847,0.07081506967428929,0.08503772319189197
204f.1,0.061462402739798076,0.1963886239274469,0.990975601120955,0.2119928322095667,0.626113620702943,0.32363477692068016,0.07454711515332417,1.0337180083961186,2.4949175784926214,0.13357517397237365,0.09804996347459564,0.09289121258081323,0.12055056881614999
205d.1,0.08878752786072523,0.36902816852856124,0.6509216523015624,0.21072657403782585,1.0328831360968624,0.31135238585422054,0.1281936374869549,2.9301552054716757,2.3687269069273444,0.1901861758013894,0.09837237959007261,0.10227899623002051,0.17275475633249496
206,0.06653098778104417,0.26228926807249264,0.5266956475090385,0.23412127196373977,0.5569403520932176,0.2736393373297776,0.07232565985212096,1.6732775519081724,2.5063694031617954,0.1813371425775292,0.11727993388291737,0.10255330543887975,0.11394826679463908
207f.1,0.06610316926038848,0.26100546959368387,0.719252572854145,0.2970585408634105,1.055677738827292,0.309738347428573,0.22609363443116917,2.530513125887619,2.3179461942184063,0.20003697087662678,0.11029228622058858,0.10506507699329999,0.12194413294709396
208f.1,0.045804128966484,0.16983014436818442,0.5135138087349124,0.3151122357952994,0.33759762602632487,0.289056327258825,0.09565803127673907,1.7821046259717093,2.522530448397022,0.17829197691565477,0.09473320104134429,0.10463735003367984,0.06990114511460249
209f.1,0.0576384239938797,0.21972607019208282,0.7921859475275093,0.27206365010257894,0.2643435355391724,0.26618232014252324,0.06651342737479717,1.5811245849346751,2.409580906359612,0.16002639994151693,0.08845370793500514,0.08632153030154743,0.1008637660259561
210f.1,0.07365697969540276,0.2894898176023869,0.4401965893997695,0.17076310895856817,0.17704542435388446,0.4239639554417276,0.10166669193774804,4.55165495785802,2.405556499763621,0.19737604704313635,0.07504379629275498,0.11530447617234997,0.10012055437359817
211f.1,0.07607649763022639,0.38511424914326264,0.6533305754339094,0.17495283416482196,0.29389909541124576,0.30270812407884296,0.09933132223335238,1.7793290021673884,2.525594017569986,0.17165238235003047,0.09363136250726008,0.09172881814192281,0.1122298056933471
212f.1,0.08758459862908047,0.4386193955929194,0.7761670338556955,0.39579629750971096,0.9285752308362832,0.36943134596867494,0.12391112346233078,4.238712380959907,2.1587553921799443,0.19408522187908805,0.08035902537023203,0.08853113522598947,0.11464397700785338
212f.1b,0.07272941891603829,0.27704793076663314,0.669095809555257,0.23307609994130396,0.5446427942662332,0.3100142844511642,0.06818441708227649,2.744742927385827,2.41661067386862,0.1768772528694376,0.08352989031745821,0.11903947768919408,0.07849685410085812
213f.1,0.07128661370772851,0.27348623637666014,0.5823080575427148,0.3072255129566179,0.5154624327199473,0.30838821280248363,0.14211601537080454,2.5275374640139483,2.3720285451554264,0.15063169897875833,0.0880364851714791,0.10306459923189688,0.09473206270492722
214,0.08481611970692793,0.35880201674179796,0.7159399614890698,0.2869767794196256,0.31361633888177826,0.2825275479667289,0.10121303689649673,1.747284148734989,2.523911073451377,0.16662849041183192,0.10646098688789159,0.10613501607511105,0.11908650281605689
215f.1,0.06614691857370707,0.22298426019190187,0.475613029744594,0.18365738603988763,1.2759564549871891,0.2565137344689226,0.06822019602900203,1.6771036066499534,2.305645041378279,0.17998098611916,0.09533541294433016,0.11475471408810149,0.3188490393748176
216f.2,0.09445931128220686,0.3981472850743916,1.2678996632505892,0.4610026556936411,1.6018476306365699,0.33863080943576246,0.29702924991483814,4.948047039842184,1.9005173052251239,0.5346036711956383,0.07170881259819033,0.14264555472135554,0.19370982352432745
217f.1,0.06451372381562946,0.254335958164931,0.6516199904990992,0.2285266261944455,0.440721034660448,0.33222870685512634,0.10631128326887708,2.3471232100328048,2.505300171514817,0.1847008051064254,0.10010493532228615,0.11494546130715837,0.08371405170420405
218f.1,0.04645842402488557,0.18756538637397616,0.5399111692653055,0.16501506269216432,1.437928399880293,0.2627457631684134,0.060300989044878996,1.623797250251159,2.3902130965183352,0.15232939278301072,0.09268800287443237,0.09912134866394366,0.292918172041808
218a,0.08612150578940213,0.3465848502594002,0.6212235191341696,0.33029604725474426,2.1515944721729134,0.3090087941038709,0.11935476633836628,3.2585650597483515,2.2367346709845854,0.18946859474276775,0.09518620451568328,0.08763724905303248,0.549428316858792
219f.26,0.0810298260272142,0.3137419918842395,0.6194937525561406,0.3944157016884363,1.4397677663301671,0.40454263023887904,0.11348206978438209,4.324364513637025,2.1935651395737135,0.17194384566827248,0.08849139449533855,0.11353336131871435,0.1849879802338624
220f.1,0.07263647429416448,0.32329812101147176,0.6300017105348753,0.2633808626964925,1.262981291568759,0.3189704566190838,0.09660583239949437,2.9375422682317303,2.2691022838485897,0.1904509306905328,0.11916436187062666,0.11218564737384917,0.24279720320295148
221f.1,0.07377192640197987,0.2754746470316097,0.7093020896620534,0.25391383836751075,0.3875523251601108,0.2918791351508024,0.1192907746074568,1.5436920521495818,2.4511893069947104,0.15300183381919322,0.10281159598008997,0.09411204691009828,0.09956177852592152
222f.1,0.10148412374563626,0.5310682634604321,1.7214030040807273,0.32345590026079907,0.38497542651059197,0.338519147984621,0.09259088273252712,1.583622950958642,2.4926982907958757,0.1388606634693217,0.1129929160624772,0.09867016078904602,0.08119802147382282
223f.1,0.07618697457220074,0.2962721153906808,0.8585453067565655,0.12944143910331796,0.5044611517981131,0.31418813886027736,0.03701931438571638,1.2269101263324655,2.472281022374697,0.1575357464375218,0.09429178933595028,0.07886114242613484,0.09068808343944396
224f.1,0.08140017340334842,0.2752080678236495,2.744146520133429,0.3146858653040405,0.28928047662131745,0.35445672628193226,0.0768197160254916,2.376360765632855,2.3229083961016745,0.1415818347986322,0.11291924190816949,0.10651830624934455,0.08289408245158338
225f.1,0.1267273459866108,0.6034367328721267,1.787918565814552,0.22561142109973947,2.3224069319282292,0.47658453325532263,0.0959167508802124,5.263272219987539,2.0165243096055616,0.13682317456531057,0.08505539639375781,0.1014371951495276,0.5605730918326929
226f.1,0.10440054208268747,0.5739868882396569,2.7905131920622064,0.26942447925595364,0.5825367809599772,0.35744163678655405,0.06111806358824814,1.8569052383882605,2.431645182158911,0.1680961601273281,0.11714507930034522,0.09977201940237368,0.09439416304706771
227f.1,0.14280998008207743,0.6864080932161035,1.9780662277984622,0.36449018984428777,0.600853302551945,0.3506661237757423,0.1361669830079282,2.4526998752517977,2.372032571196549,0.18330587818724883,0.07392977167521192,0.09288901363081647,0.07324837203313593
228,0.1077825181035854,0.5091620868779644,0.6320304261368621,0.3935989186245747,2.528612580159274,0.4162860663666997,0.1567577756406374,5.64887789752179,2.023395385248486,0.2321678622514277,0.0828782790372,0.2298051837415567,0.5131207903821889
229f.7,0.06306953781554585,0.2742640344175519,0.4997605451710387,0.1426151664494144,1.099848334173701,0.2691698743844612,0.07246211740236026,1.7453292986804338,2.3669161792645217,0.16106995122759177,0.07216549092902479,0.09899730926928867,0.25823488154146296
230,0.23532345168766847,1.317918054246419,1.8877028479464446,0.3286745913762587,2.819814544417349,0.3518593726093173,0.07377044535407132,2.486960921724446,2.2706596300710804,0.14561417758628178,0.10603061207142439,0.11388043328378028,0.4915463100610314
231f.1,0.12220120807094793,0.669512006450813,2.0871311623654556,0.37116167275702416,0.4803117051957327,0.36635705103525756,0.1388112947947485,2.0690097540908496,2.4643639254954484,0.15884358785304836,0.08827640876144459,0.10454152240702214,0.10458189159702695
232f.2,0.10418647361418214,0.42985939093892606,0.7977395123216987,0.11808462159511163,0.5693879773707482,0.3095422463701558,0.06725888170209766,1.234838371430442,2.443079583184083,0.16613427733785316,0.0862099548808769,0.08841455746796661,0.15796556995314362
233,0.08833554288334756,0.3112173393570968,0.7881429495497633,0.3660026402202544,0.23420967889683977,0.32210462308298826,0.1394661225122893,1.034295550683743,2.526275249424384,0.14764552261243558,0.1279786354590909,0.13822615189302892,0.09105466627177634
234f.1,0.05871457623019045,0.2165623462184373,1.4055686158243528,0.40217174257228705,0.3192117719765064,0.3363037641777999,0.11932084195525423,1.2086096465785217,2.4731319848276754,0.17414283383840812,0.0948809537508543,0.10480262147008913,0.08431375601673008
235f.1,0.13036204792870168,0.6749719257197263,1.9430316872209676,0.3954967235039382,0.5123330829775768,0.3791780699525627,0.15418031757022757,1.926934054060091,2.4228334501349966,0.14417096413025574,0.0715502977744397,0.0944459552654283,0.08721538319787132
235f.8,0.16787492865197476,0.9055593267530732,1.167911124723309,0.46028038033718033,0.8599545043226463,0.3730142139187816,0.1371325472289123,3.2297841321991902,2.2915415349918558,0.1808519441466776,0.09387367571104398,0.11969784633375562,0.11974083612924781
237f.2,0.12308656207765532,0.5079689404065042,2.040489940462219,0.2500064699010597,0.39010440781645417,0.3487901624052527,0.09076350144038646,1.5356010119942363,2.4595276328061617,0.12978384201823848,0.09601174956634712,0.09639779641385533,0.07054576694998242
238f.1,0.1352017025535101,0.7226759691780368,1.8427973762819807,0.23993819873461086,0.4267104776288293,0.3699294216010791,0.07948176949573334,1.6005268795712333,2.521213769168249,0.15191896313649658,0.11095252709636964,0.13923945840649518,0.08598389197036356
239f.1,0.08648031467524747,0.44340498680036117,1.612661568104036,0.27508736164128905,0.5160760502700598,0.3487355383082176,0.07707949746148669,1.8255247945428437,2.4513262333451222,0.15023658498205947,0.08888904897091893,0.08051633358223588,0.07021437960346832
241f.1,0.0928868464288477,0.37112437440593066,1.8540843178787456,0.17550187475623688,0.3000768662126729,0.3228509674831896,0.08064066901997362,1.2553589383151806,2.5533892574208887,0.15755699933709072,0.09972790487211321,0.11687250726504683,0.11958138892774794
242,0.05675338022548948,0.2259308399244465,0.3980302772365874,0.31825416341276896,0.8007569759513316,0.29059355597649805,0.11892556973609425,2.2562180971656636,2.356735838451748,0.17243586106014464,0.12529465225854278,0.13145386400914424,0.10250475812168362
244f.1,0.09380970768419146,0.4693914896277989,1.222828112924228,0.1781706374573888,0.7693033564650736,0.34955503290108964,0.1737484325068455,1.8644589576194999,2.442567937563073,0.14446261054504714,0.1264990151956866,0.12032543282618859,0.07190424636472297
245f.3,0.09248857909926704,0.37082402681592,0.7259932660925051,0.6351153290202256,0.8292122035607568,0.4097664671086334,0.183754666389762,4.512525609809045,2.2428939546170317,0.19822686541378634,0.07488805255717196,0.1243789058040814,0.09971288900184745
245f.1,0.07909628507004086,0.2740791128988342,0.6427090034602778,0.2623424115247836,0.3129885485015769,0.2912282094331107,0.09027919430627844,1.5806765540099628,2.6217027446861336,0.22055694875299858,0.08896947590035065,0.10723400209887222,0.07925284672233508
246,0.072059749663205,0.20943451729220672,0.5205925599159943,0.2533106002842914,2.3969559031235144,0.270192357555927,0.08407453897752458,2.6534552143610424,2.192511771690017,0.17104339758386244,0.1298700534048508,0.09782034927945459,0.5917655123280897
248f.1,0.07400965812831489,0.3326615269087698,2.392031843356813,0.2522696333828748,0.285494380072291,0.30790203197275057,0.09747543861136408,1.2688559048839896,2.41943900222245,0.11752790108605977,0.08514287524523463,0.08094159389011615,0.09076012584211911
249f.1,0.2067747291353075,1.2370860452677948,1.8830575543401495,0.37197685483393744,2.0439083416598707,0.3652378578228752,0.11223083859169179,2.662759939300734,2.2264212758499586,0.16017468836985108,0.09396324352462943,0.1031853510987288,0.3950494683599522
251,0.20763002444570722,1.206274603382643,1.202222442840349,0.39287556663819645,2.089560985721294,0.39464376993747713,0.08499195197757724,3.414145604009091,2.176934941915562,0.1576344623024496,0.08562007939342502,0.11484591235339263,0.4311626860080365
252,0.06716344725361816,0.35504890201455064,1.5277779057142873,0.24426012849943016,0.4237400984162521,0.35213000246574216,0.06549595399228374,1.4257717801142105,2.4501038813253446,0.11295076322865066,0.08347261874739172,0.10969193949439367,0.08814168974672502
253f.1,0.16582915551719804,0.993995930217169,2.3716729914943393,0.4328952761391994,1.1913291786058078,0.3741240508031914,0.1193466851574156,2.690315284991934,2.299819404675953,0.25195184689971534,0.07723271725894776,0.08890409541519795,0.1192183514457652
254,0.06676119638688884,0.2596292805529375,0.903699661110395,0.3150806153248636,1.6142970900582523,0.3763260527591908,0.13040860387862027,3.9912586236048635,2.167955429292718,0.3182948490230906,0.10565576784750692,0.10004012211855946,0.09981713465574497
255f.2,0.16560843442804665,1.0197831900748986,1.698979820344662,0.41437848850424724,0.9793985110102738,0.38341917614473453,0.1858851855905306,3.5559153526458616,2.2382473361788584,0.28011752523509253,0.11951250038585769,0.10276981273975794,0.09306831224445698
256f.1,0.1708335775836802,0.8825839732692421,2.050764992086289,0.41678879184008444,0.667426285245325,0.40864701184125685,0.19575993610410927,2.775820543774547,2.3589272204188405,0.16001118819244972,0.08491279346679172,0.10969283076381968,0.10416239228559705
257f.2,0.10751096956481997,0.5107860471390294,1.7317560631553306,0.448970746346537,0.322213096990614,0.3640317501952652,0.13706830387816107,1.3733855411913034,2.575834415152529,0.14453525257760516,0.10681336859678174,0.09521364847877868,0.10577421433976768
259f.3,0.24226467175205826,1.742477333858582,2.882793838757999,0.5825531552915563,1.3257396661000225,0.5032583928749323,0.1481474742337682,5.858415824244208,2.047222473676525,0.2449312498663754,0.08243010694970665,0.08247491383204379,0.12123798459098138
260f.1,0.13322233838268752,0.7609166472959866,1.9270799816331599,0.36018426383209684,0.5308227405294551,0.38715489177419776,0.09054989448227611,1.9783760232585568,2.4576186315788267,0.2009098685122058,0.12435953661516545,0.12211658363038223,0.08576489757967647
261f.1,0.06443266687488465,0.28213308071388893,0.8050875055645453,0.26142251498376656,0.4464193744773004,0.360286072215791,0.11921376334715249,1.3616327094377676,2.544223226234364,0.15688777532865003,0.10107742468817286,0.12519187196018397,0.10208197307920626
262,0.07073388854101723,0.4101359613654405,0.7259540627642601,0.3238575795627813,0.660289912415203,0.3885659152713809,0.20846583187982062,3.7726582935621766,2.305405985761021,0.18706748091919537,0.08086074690988192,0.11510964491779026,0.0808682951867455
263f.2,0.2366203648085111,1.2388715721540187,1.5112977808938612,0.47409828878694427,0.8109193119049666,0.46252948575424496,0.20130376937796837,3.5134359525955765,2.349615123367468,0.17539650372851565,0.10744868244760304,0.10033190334272853,0.11378096898918076
265f.6,0.20996005708393883,1.281487835185269,1.2024043091571455,0.4999680848040337,1.6082612368279932,0.3886334379002503,0.11214766904920205,2.978898697440681,2.2567528594384885,0.17871205178368674,0.1249952826078955,0.11507617947615283,0.34937530080654594
266f.6,0.1653958001313424,0.8963551289335961,1.1477078033450339,0.3319625439804288,0.680519555960761,0.4640742689348975,0.0831443223580611,3.816527298826095,2.340996649202758,0.13001180206065513,0.10767376364523928,0.08905370023360555,0.12932776052554334
267f.8,0.09344709889383311,0.385759442315428,2.3644465346828665,0.14247439107895787,0.22853688996264418,0.31670676995084057,0.09229698075360132,1.1701755168381744,2.4687443670673925,0.11210276901680787,0.08428384819273332,0.1169885795767026,0.08341862974425102
268f.18,0.10076543484454896,0.5770752189769052,1.0669900923086557,0.3957764335488425,0.3354020215855072,0.36462370510786296,0.1062367287806496,1.9016768295296267,2.48689875854704,0.17869480061355478,0.1220438446400303,0.10779027361841315,0.08718320365792208
269f.5,0.08667503565054437,0.4167506882448264,1.3365555522762926,0.2142752718489849,0.25772443713550136,0.35300456358997834,0.08830765098546045,1.538659191777622,2.504306434760247,0.15423822227957118,0.09416593969984678,0.09916582416302726,0.10197805898600769
270f.4,0.06468436051875485,0.1850883222462438,0.6462251469725894,0.3387420133843944,1.2575148387254258,0.29658033882056895,0.17832189673833745,2.7478059656696883,2.2347551547893065,0.21419058698608137,0.0874595780304203,0.09522503435416663,0.24087516164627054
271f.1,0.11744454532624278,0.760442094641348,2.0200417913483797,0.506273901891467,0.467701070153355,0.3368032989681297,0.09367570165068399,1.68160432152483,2.4396552699438843,0.18721061319690102,0.08302639300209186,0.07113042911841054,0.10270089587988958
272f.2,0.10864523383329198,0.6432475530335636,1.7204372376990962,0.29006548497384627,0.3243872968763172,0.35319855891613416,0.09532062184849699,1.456542090903893,2.3649486195905514,0.13731936138290587,0.09255471465448022,0.07152214618948928,0.08772441261902031
273f.1,0.07996120262520601,0.37286670319396653,1.0727683196882332,0.4002970966134478,1.4197561685968791,0.348092786755336,0.13951041333861042,3.4878599735931424,2.209357920572806,0.2601435818690998,0.09047990844673608,0.1920078608943747,0.08927232792366764
273,0.0873663429083429,0.2832691599932257,1.46067283186033,0.32750789102708044,0.6484888767935106,0.33123584297485603,0.06937504261263851,1.2954770988614364,2.501751817784736,0.16488346068547913,0.09644822436512773,0.11913418706928179,0.0817980998528664
274f.1,0.06214809559215176,0.22766456445200586,1.1668314017492984,0.27053468722215834,0.21930604467778703,0.3244013586052596,0.09163306773911133,1.0742972229043666,2.5701500483774673,0.13065249378076876,0.10847822197672576,0.10367244724679266,0.12144456227972494
276,0.06868135345914073,0.3391715479386892,0.5518010915817145,0.398019382606382,0.5382688267167345,0.37023225620887423,0.14464524050459962,3.460205919521936,2.41404344270325,0.18367686517128537,0.07655361990023923,0.10494895463550437,0.0933198926095445
277,0.16579131019744145,1.1606952208145234,1.0912587148574164,0.3327834230655705,0.9231133921073766,0.4301289810338161,0.11712219219707076,3.966550049080064,2.3056427200194034,0.14018387290894907,0.08414862678787575,0.12535208367178366,0.09185408234010083
278,0.09571692471330558,0.6665183269246824,0.8382833801351709,0.2684242368510046,0.5041016549424447,0.3527905373750302,0.07371882045398144,1.6400017773284576,2.508644378219619,0.13103674706749394,0.08278227943977966,0.09654008431087353,0.07733760777773592
279,0.1595031939535888,0.809177342360958,0.7624688865996762,0.4337713040029447,0.7807270243914458,0.43018455817174966,0.16465175520014838,3.317043624406434,2.3529178127146966,0.13346563669586378,0.08389453707948502,0.10881981986195294,0.09193494352107247
280,0.08229716209145488,0.28633788423459977,0.9686956219190866,0.32069557552835254,0.3411378308852557,0.35120818867825215,0.08424735717787324,1.317792920684781,2.4552533491656585,0.12141971704328658,0.09281001611631941,0.11005309508717669,0.11217413297279406
283,0.12385771509938222,0.404273539767551,0.9468879899750856,0.2209347749426878,2.23646813685294,0.32472131052153813,0.06432762944605121,1.4267775113257744,2.4219941621437475,0.17237864839620842,0.08200355639518829,0.1116902355859594,0.3325528643668582
284,0.07515955531051623,0.25232685894667606,0.5371286359749218,0.3643272048845518,3.3727814031080925,0.27791738571105884,0.15261413531746912,3.0852497893363506,2.1575042630584433,0.2213517636288428,0.09493991889805131,0.09933674378008821,0.6710293529425487
285,0.10567286611280909,0.579607567714504,0.741665626453163,0.20205318340980363,1.4097730878452097,0.304027680279374,0.08997765700612935,1.5409909569892557,2.4036677230256416,0.12217746129132613,0.08731410686815914,0.1360200907005818,0.23865662735206605
286,0.07399578184124163,0.20692674431471034,0.44688898204893857,0.1354823096785497,0.5100904305124297,0.31693093651694565,0.050892686223787974,1.0489297241683089,2.4574076392508726,0.12106838391442941,0.08699239194170792,0.09060728530235378,0.1318394459266887
287,0.08719917127994921,0.31232587411029555,1.3501899150116399,0.2047740512603451,0.33678648206110706,0.33269812981053054,0.0871492698575359,1.4049939294028537,2.4854800227229696,0.11788141728950623,0.10353654053933636,0.11734542254697751,0.10049767757888993
288,0.10503387413790573,0.48933198913047155,1.4094495353807215,0.39328636149649066,0.3859743796138766,0.31897075907195815,0.08322256454488083,1.2530498013612876,2.482781370974024,0.17092118914537377,0.09942344535149288,0.11247184681506335,0.10870431563629303
289,0.1214911063784697,0.5671018529646257,2.202262885815856,0.49499233272103216,0.36747314341999077,0.3109705289034092,0.09277329800957305,1.3194548512450137,2.4262525054997153,0.14539595614622988,0.10095794892345983,0.08914214222197143,0.07535903369404236
290,0.05766425701017416,0.15391256282950158,0.546373674025913,0.2579705006679015,2.1885264245657474,0.2779009979672158,0.10248693858237383,2.0805922850978633,2.3485507165459514,0.16223283358202253,0.07795487675111863,0.14124476740696487,0.34975891803213094
291,0.19247932966395034,1.0125646788870022,2.22345649468199,0.3234321059182255,0.5394785384603934,0.377782637719227,0.07111168107283079,1.825229546357544,2.4572373370218,0.16196520765372077,0.07963973330371568,0.10300004694550773,0.09141320863385138
292,0.10746024752132598,0.37958627147438556,1.916428435972019,0.3332067196418352,0.45527087170431596,0.34225357739951234,0.10314570309708344,2.0797882343805134,2.4141249108780296,0.14182624212251815,0.06625306194110607,0.11107948582461247,0.10831739407639251
293,0.08734478811067907,0.37495502769621436,0.8946355803158833,0.15270207050805423,0.19853851500948538,0.32359346247847215,0.05586809827846582,1.1022467882770066,2.4859155150581285,0.16228540225358037,0.08450870293935615,0.10507099291449447,0.09804757996888197
294,0.06210656744126208,0.24593777733522248,0.9436814465331561,0.15565414405256148,0.1468862617307601,0.31893414273958204,0.08707608638302712,0.9766408634645757,2.5087658445602066,0.1221317541745749,0.10794452750311749,0.12219520015720503,0.10824402338292878
295,0.25441640442170743,1.56370078947537,1.6175501610958742,0.3911458603971792,0.766123052619116,0.4276914542429111,0.09805315890988668,2.597060293918408,2.513823115092853,0.1559515784643324,0.10941825395752024,0.11119684542032866,0.0807645665478171
296,0.237535908448099,1.4296635240011957,1.4270108015314067,0.28976962603002243,0.5679317592640619,0.4446887098652354,0.06312856601274906,2.812444002629365,2.4010644323708625,0.14810545258813904,0.08344809037301505,0.08947717162168616,0.09770189367149133
297,0.050247651196940746,0.18955776915124645,1.099924072391793,0.3496284488554696,0.18583162006273235,0.30315270005117506,0.0720706046688044,0.9765788836148038,2.5709732116691972,0.14399479876438626,0.09146451522429755,0.13148264268339468,0.10815143154081801
298,0.14388565131896247,0.7889177633688713,1.5650938115185662,0.30497456105694065,0.6149511372927984,0.37741370248805883,0.09445156279305233,1.856884984891402,2.3644639011413164,0.1301742657843815,0.08860075491660051,0.10774909427339248,0.07532519114946225
299f.35,0.10749758948558182,0.5429295248617662,0.998076220268204,0.499920186130688,0.8866074812652052,0.4112936907503464,0.2603244860252298,4.736140092828105,2.213630378751548,0.22873694693027272,0.09510830792902497,0.11548100989115828,0.12342037168522495
299f.3,0.08522624987339554,0.39582738633555725,0.6573601689539964,0.29977243164565154,2.152992020806762,0.3169397154167381,0.10630758820278652,3.365755140757796,2.2400232043674637,0.19179787075701218,0.09615893017636686,0.17179374987311513,0.432487550141253
300,0.13759586220439024,0.859663019545164,3.0364515634135962,0.7721600591216721,0.8244713762979224,0.4018830829706521,0.13913612785287036,2.942007713277025,2.2629852544138065,0.14986387969966175,0.10882657661643631,0.1138989473461135,0.08302487251720371
301,0.16044754090400384,0.8062126785789351,2.4267556649726605,0.28648877951318674,1.8155859366312095,0.3903513955785051,0.12155763182559672,2.273623212842417,2.3778731257122807,0.2141716395568607,0.10423617233380326,0.10631308929287357,0.08466918320314952
302,0.07595606471968207,0.29931688162933545,1.9594465211983048,0.24722071594458755,1.2489406786991022,0.32644740851179743,0.08046759368284459,1.6732723508087426,2.446794173484896,0.17143441018793656,0.10101396382796313,0.11132082391221064,0.09454836158382346
303,0.12837930776305892,0.5768325888179214,1.6067064620306255,0.18490952596444082,0.7731457987917802,0.3595535938846679,0.10745363649406803,1.8938906279718462,2.4209099904627425,0.1332066257332287,0.0939394253645474,0.08284388743141215,0.07540917958500336
304,0.09855053592547824,0.5482782091755722,1.4463757500058696,0.28356508432947525,2.0617703467536916,0.3682705620902608,0.1311206314664063,2.280736955804452,2.265753681960421,0.24245593256500275,0.10025326574891813,0.10011670255231397,0.11400009822568791
305,0.07394553366955381,0.36170000445184747,1.9542579030410743,0.21928343756630794,1.0940841884831283,0.3669330644494539,0.10003960409778107,1.7785469516697028,2.4670670245874953,0.1814799675535479,0.10399862628706091,0.12377084201780854,0.09775100759184537
306,0.17702778583146464,0.98560199576478,2.5890185226642983,0.37526837127537366,1.7126106056657993,0.45054353211463716,0.11422248483358229,3.628134553558649,2.2799832646425204,0.20730006569361817,0.12210755403208344,0.09743482936174429,0.08856275025047984
308,0.12315500168238859,0.6997350901919632,2.2075894315974516,0.21715629909612894,1.4279384585255996,0.3714640106250287,0.09637349996639842,1.9885706117081776,2.375254869747097,0.19647019400931098,0.09488948773865497,0.100576353768562,0.09757507413710324
309f.5,0.057159261267583174,0.11513557413209737,0.5482164162907999,0.30126385368642394,1.9374869652053794,0.30025095952817554,0.0900376138167596,3.060603346766467,2.1461776238497876,0.20182802747952186,0.11578209994528453,0.10511057632361577,0.489108989954258
311,0.2319486267362394,1.5201286799157596,2.081469314260555,0.5071167471307817,1.6029142630932742,0.51047874376103,0.15015382908879105,5.2051108176929946,2.198703847601393,0.17100920647972795,0.09683918030357846,0.08756584135281704,0.09324946280553285
312f.6,0.11924409840225085,0.6543896908101695,0.7037958751806821,0.4647214172597613,1.779636233365034,0.4559570784463065,0.24505008327622843,6.636273869143473,1.9834942994604567,0.2028888369680897,0.09972001396343307,0.11508354276091683,0.311123763893489
313,0.1607958542108581,0.8224961919486131,2.258284708499772,0.4231312247432732,0.5713597105652714,0.43676763195120577,0.12231776014913592,3.7531472055498725,2.3553875083133518,0.1379895405826216,0.09060811510927978,0.09799313295474205,0.10793001310508304
314,0.1865376754954101,0.9871280709248683,2.124332337513381,0.36766354649225763,0.5891936254620241,0.4003342517364639,0.0965415417283582,2.500838451829456,2.4756103602140205,0.12600509384255168,0.08623496650570418,0.12110801904638142,0.08553268533610191
315,0.10172056403759207,0.40336327839347436,0.8891162996553618,0.33756093119272756,0.7569661818219294,0.36945461167629706,0.20144063814541535,4.1332774319616545,2.2910506728493405,0.20881155563800327,0.11183853110765239,0.12414498704789227,0.14013441018220382
316,0.18672188993459224,1.054332395481963,1.8628268302638709,0.6042926994402253,0.6159545271622827,0.41760673456733616,0.20375221149268055,2.8843695468318296,2.3934135083989223,0.2042680585325188,0.0835414281018038,0.10436103765856108,0.08202255794499436
317,0.11593754719559292,0.5867643780250128,2.4541852152838213,0.4747606958698013,0.4305101079475581,0.35147412063373346,0.09343468849110746,1.8759627900955778,2.4390226197239824,0.12849876662183835,0.10837276787319579,0.09411509162237773,0.07936972757804804
318,0.10320700462775179,0.47208082600956097,0.7062565377025593,0.34907648171801636,0.8409528156612014,0.3797652889651652,0.1627675427946547,3.766150794209581,2.3740952827109516,0.18449369432613563,0.08602171218458894,0.09440668599828894,0.07946915543844695
319,0.12481204457818139,0.5628722100507255,1.1837369664802362,0.23215679519408303,0.32303750316249574,0.36646283147889963,0.12746876530782522,1.329881951434831,2.47920524462914,0.12525636401806525,0.11611428407376106,0.08838267275301313,0.09639645944020685
320,0.23294072988176562,1.372902456317467,0.9841915451037231,0.4923844764371956,0.40098082634044035,0.44559279422168196,0.16713789681700583,3.0783449869333297,2.3877949530275395,0.18253573810136822,0.08976164674891796,0.10503521003264045,0.09302039185462586
321,0.09135059288824911,0.46333889506859477,1.1643438242927873,0.3563872712600057,0.4968119988076803,0.3473031036663831,0.08250270816520898,1.6187485005125521,2.4419300766283523,0.1370995005343628,0.110553120024428,0.12056606105549376,0.09009420416294067
322,0.3350134529004243,2.0424185067217566,2.0668637140995076,0.6669112683252338,0.7779239409425514,0.5139929511220633,0.12563657009251325,4.077548876162226,2.2269966736082405,0.15264013528570486,0.11625577213168974,0.11736849980155213,0.13560074873292716
323,0.08210963117415397,0.3254989525199084,1.704493282065475,0.24273235114721237,0.19122803717725834,0.33190206083535084,0.07951354648366442,1.062824622544423,2.545493394919251,0.12836310971267967,0.09200269774265578,0.10048822693282244,0.09171798826499859
324,0.13894051821354084,0.7692839019188455,1.5042474220998685,0.39163635108179123,0.5805325285974318,0.41965082300960993,0.12396669190684217,4.027783634377454,2.2804335455452205,0.14847346100012995,0.10185902440185308,0.0926849636151529,0.08286375321968663
325,0.12915778668166325,0.6095528434427115,1.535148840370469,0.41022897590368923,0.7074701484214385,0.34021016963754996,0.09849828407058399,1.8036746250953872,2.405841185440926,0.23472998737340278,0.10425417203769734,0.07388718879080232,0.1014226883386603
326,0.07659307572850597,0.3645407891051393,0.7264247887853532,0.33868735397243876,0.8134696120433024,0.3712722668312523,0.5407148931442846,2.1895828622464575,2.361528006988521,0.14174311158077058,0.10756466479060241,0.10620073827442043,0.09620325810898166
327,0.24326132690376948,1.3202959639051377,1.9502140623051198,0.6436767035576445,0.6920408421552637,0.3919103076759465,0.14574658119334194,2.4949662799327186,2.409969223447328,0.13877218575081673,0.0978105901752534,0.10950149977983935,0.08947916903537478
328,0.11730879709333837,0.6580123994934857,2.5546424840531903,0.38400872443607154,0.46922035089704134,0.38058903389946036,0.0904205079888218,2.1298024158193463,2.498704734685058,0.1292010343575674,0.09215765189518621,0.11461440412926965,0.06168773511024477
329,0.2731278380623466,0.8912360880832088,1.1342562193234222,0.2418352957916193,0.2249057512172193,0.41240685584807796,0.07221768935162699,1.8507172214355883,2.394349189530941,0.11894128151497856,0.11134813288860242,0.0950358392588156,0.11222948848711771
330,0.11137569836536847,0.5570690948474334,1.017197994409889,0.3369478831678632,0.28532429612376764,0.34882960181047823,0.07922527273083348,1.818832625953983,2.536310900170017,0.14181274630942908,0.09414923874929804,0.0742045796645478,0.1173367679830648
331,0.11262549232882284,0.6149854469557628,1.0513235612520135,0.43815143041259974,0.3987724867205493,0.33896663067772576,0.08941134266264546,1.923896943051991,2.3665750824531213,0.1733626584267274,0.08183782533245895,0.09516005448425958,0.09112448912640574
332,0.1671826689623668,0.8869121000204142,0.7505809852721775,0.3443467231116581,0.34452746511984705,0.41045910660193613,0.09467192616688964,2.504191358756864,2.509878968557922,0.14598421343049137,0.09111287626584245,0.1239581254886691,0.09462812389449693
334f.2,0.2605164723814446,1.5882217062621138,1.6588946694150544,0.7909256604409023,2.817120540150691,0.4824858529692555,0.19712704280135038,5.262252630684627,2.056806407758559,0.1933114719066311,0.11264247788881078,0.11296678670564492,0.3027447516631124
336f.8,0.1344631936215033,0.6635318420018318,2.694334106624485,0.8262733380282475,0.8520470285165388,0.4072372175041002,0.3891919234574936,2.4375107636049975,2.3604012933741267,0.15026578776840147,0.08343303481130553,0.10431906688750292,0.08835643436781941
